<?xml version="1.0" encoding="utf-8" standalone="yes"?>
<rss version="2.0" xmlns:atom="http://www.w3.org/2005/Atom">
  <channel>
    <title>Sessions on Pokolenia Solidarności, a Spółdzielnia Świetlik</title>
    <link>http://psss.fussions.com/sessions/</link>
    <description>Recent content in Sessions on Pokolenia Solidarności, a Spółdzielnia Świetlik</description>
    <generator>Hugo</generator>
    <language>pl</language>
    <lastBuildDate>Sat, 21 Jun 2025 20:00:00 +0000</lastBuildDate>
    <atom:link href="http://psss.fussions.com/sessions/index.xml" rel="self" type="application/rss+xml" />
    <item>
      <title>Pomost między przeszłością a teraźniejszością</title>
      <link>http://psss.fussions.com/sessions/bridge/</link>
      <pubDate>Sat, 21 Jun 2025 20:00:00 +0000</pubDate>
      <guid>http://psss.fussions.com/sessions/bridge/</guid>
      <description>&lt;p&gt;Rozmowy z publicznością - pytania, odpowiedzi, wnioski&lt;/p&gt;</description>
    </item>
    <item>
      <title>Teraźniejszość</title>
      <link>http://psss.fussions.com/sessions/now/</link>
      <pubDate>Sat, 21 Jun 2025 19:00:00 +0000</pubDate>
      <guid>http://psss.fussions.com/sessions/now/</guid>
      <description>&lt;p&gt;Spółdzielnia Świetlik - czasy obecne&lt;/p&gt;&#xA;&lt;p&gt;Dlaczego Świetlik – Bolesne problemy społeczne i możliwości ich przemiany poprzez odbudowę żywej i zdrowej spółdzielczości.&lt;/p&gt;</description>
    </item>
    <item>
      <title>Przerwa</title>
      <link>http://psss.fussions.com/sessions/przerwa/</link>
      <pubDate>Sat, 21 Jun 2025 18:45:00 +0000</pubDate>
      <guid>http://psss.fussions.com/sessions/przerwa/</guid>
      <description></description>
    </item>
    <item>
      <title>Historia</title>
      <link>http://psss.fussions.com/sessions/debata/</link>
      <pubDate>Sat, 21 Jun 2025 17:00:00 +0000</pubDate>
      <guid>http://psss.fussions.com/sessions/debata/</guid>
      <description>&lt;p&gt;&lt;strong&gt;17:00&lt;/strong&gt; Powitanie i kilka słów wstępu - Prezes Spółdzielni Świetlik Tomasz Chodnikiewicz&lt;/p&gt;&#xA;&lt;p&gt;&lt;strong&gt;17:15&lt;/strong&gt; „Świetlik – spółdzielnia usług wysokościowych” – skrót filmu  dokumentalnego w reżyserii Jacka Knoppa&lt;/p&gt;&#xA;&lt;p&gt;&lt;strong&gt;17:45&lt;/strong&gt; Spółdzielnia Świetlik – Republika Wolności w latach reżimu komunistycznego&lt;/p&gt;&#xA;&lt;p&gt;Przewidywani uczestnicy Debaty:&#xA;Izabela Falcman, Zenia Miotke, Marek Zajakała, Wojciech Kreft, Wiesław Kamiński, Witold Kamiński, Jan Kaczyński, Sławomir Wejnar, Krzysztof Frączak, Andrzej Nowicki, Andrzej Voight, Tomasz Chodnikiewicz, Janusz Stażyński&lt;/p&gt;</description>
    </item>
  </channel>
</rss>
