<?xml version="1.0" encoding="utf-8" standalone="yes"?>
<rss version="2.0" xmlns:atom="http://www.w3.org/2005/Atom">
  <channel>
    <title>Pokolenia Solidarności, a Spółdzielnia Świetlik</title>
    <link>http://psss.fussions.com/</link>
    <description>Recent content on Pokolenia Solidarności, a Spółdzielnia Świetlik</description>
    <generator>Hugo</generator>
    <language>pl</language>
    <lastBuildDate>Sun, 27 Jul 2025 20:56:25 +0200</lastBuildDate>
    <atom:link href="http://psss.fussions.com/index.xml" rel="self" type="application/rss+xml" />
    <item>
      <title>Andrzej Voight</title>
      <link>http://psss.fussions.com/speakers/andrzej/</link>
      <pubDate>Sun, 27 Jul 2025 20:56:25 +0200</pubDate>
      <guid>http://psss.fussions.com/speakers/andrzej/</guid>
      <description>&lt;p&gt;Urodzony 01/10/1966 w Kartuzach. WYKSZTAŁCENIE: - mgr ekonomii, Wydział Handlu Zagranicznego, Uniwersytet Gdański. - Absolwent Studiów Executive Master of Business Central Europe Administration Uniwersytetu Dunajskiego, Krems Business School oraz UCLA ( Field Study EMBA) w Los Angeles, USA (1994-97). KARIERA ZAWODOWA: - 1990-95 Urzędnik wyższego szczebla w 7 rządach RP w Ministerstwie Przemysłu, w Ministerstwie Przekształceń Własnościowych, Państwowej Agencji ds. Inwestycji Zagranicznych. - 1996-2001 Koordynator ds. Gospodarki, Instytut Lecha Wałęsy. - Dyrektor w Bank Austria Creditanstalt Polska SA - członek kierownictw ponad 30 różnych firm i instytucji publicznych. - ⁠Kandydat niezależny na Prezydenta RP w 2020 roku. - ⁠odznaczony Krzyżem Wolności i Solidarności w 2015 roku. AUTOR KSIĄŻEK: - Abecadło wg Andrzeja Voigta. Co Nas nie zabije to Nas wzmocni. 2010 (274 stron). - ⁠Współzałożyciel Kongresu Liberałów w 1988 r. - ⁠Związany ze Spółdzielnią Świetlik od 1987 roku.&lt;/p&gt;</description>
    </item>
    <item>
      <title>Izabela Falzmann</title>
      <link>http://psss.fussions.com/speakers/iza/</link>
      <pubDate>Sun, 27 Jul 2025 20:56:25 +0200</pubDate>
      <guid>http://psss.fussions.com/speakers/iza/</guid>
      <description></description>
    </item>
    <item>
      <title>Pomost między przeszłością a teraźniejszością</title>
      <link>http://psss.fussions.com/sessions/bridge/</link>
      <pubDate>Sat, 21 Jun 2025 20:00:00 +0000</pubDate>
      <guid>http://psss.fussions.com/sessions/bridge/</guid>
      <description>&lt;p&gt;Rozmowy z publicznością - pytania, odpowiedzi, wnioski&lt;/p&gt;</description>
    </item>
    <item>
      <title>Teraźniejszość</title>
      <link>http://psss.fussions.com/sessions/now/</link>
      <pubDate>Sat, 21 Jun 2025 19:00:00 +0000</pubDate>
      <guid>http://psss.fussions.com/sessions/now/</guid>
      <description>&lt;p&gt;Spółdzielnia Świetlik - czasy obecne&lt;/p&gt;&#xA;&lt;p&gt;Dlaczego Świetlik – Bolesne problemy społeczne i możliwości ich przemiany poprzez odbudowę żywej i zdrowej spółdzielczości.&lt;/p&gt;</description>
    </item>
    <item>
      <title>Przerwa</title>
      <link>http://psss.fussions.com/sessions/przerwa/</link>
      <pubDate>Sat, 21 Jun 2025 18:45:00 +0000</pubDate>
      <guid>http://psss.fussions.com/sessions/przerwa/</guid>
      <description></description>
    </item>
    <item>
      <title>Historia</title>
      <link>http://psss.fussions.com/sessions/debata/</link>
      <pubDate>Sat, 21 Jun 2025 17:00:00 +0000</pubDate>
      <guid>http://psss.fussions.com/sessions/debata/</guid>
      <description>&lt;p&gt;&lt;strong&gt;17:00&lt;/strong&gt; Powitanie i kilka słów wstępu - Prezes Spółdzielni Świetlik Tomasz Chodnikiewicz&lt;/p&gt;&#xA;&lt;p&gt;&lt;strong&gt;17:15&lt;/strong&gt; „Świetlik – spółdzielnia usług wysokościowych” – skrót filmu  dokumentalnego w reżyserii Jacka Knoppa&lt;/p&gt;&#xA;&lt;p&gt;&lt;strong&gt;17:45&lt;/strong&gt; Spółdzielnia Świetlik – Republika Wolności w latach reżimu komunistycznego&lt;/p&gt;&#xA;&lt;p&gt;Przewidywani uczestnicy Debaty:&#xA;Izabela Falcman, Zenia Miotke, Marek Zajakała, Wojciech Kreft, Wiesław Kamiński, Witold Kamiński, Jan Kaczyński, Sławomir Wejnar, Krzysztof Frączak, Andrzej Nowicki, Andrzej Voight, Tomasz Chodnikiewicz, Janusz Stażyński&lt;/p&gt;</description>
    </item>
    <item>
      <title>Kamil Nowak</title>
      <link>http://psss.fussions.com/speakers/kamil/</link>
      <pubDate>Wed, 27 Jul 2022 20:56:25 +0200</pubDate>
      <guid>http://psss.fussions.com/speakers/kamil/</guid>
      <description>&lt;p&gt;Tłumacz języka chińskiego, członek Spółdzielni Świetlik&lt;/p&gt;&#xA;&lt;p&gt;Języki, kultura, mosty między światami. Kamil Nowak – tłumacz języka chińskiego działający w ramach Spółdzielni Świetlik, człowiek Drogi, łączący w pracy zawodowej precyzję słowa z głębią rozumienia kultur. Rocznik 1986, rok Tygrysa. Od młodości zafascynowany różnorodnością duchowych i kulturowych tradycji, podążający ścieżką łączenia Wschodu i Zachodu – zarówno w języku, jak i w ideach. Na jego drodze znalazły się: klasyczna i współczesna kultura chińska, języki Bliskiego Wschodu, Biblia i teksty w jej oryginalnych kontekstach, kabała luriańska, siedem zasad Huny, mądrości Rumi’ego, taoizm m, a także praktyczne wprowadzanie zasad komunikacji bez przemocy w codziennych relacjach.&lt;/p&gt;</description>
    </item>
    <item>
      <title>Mateusz Chodnikiewicz</title>
      <link>http://psss.fussions.com/speakers/mateusz/</link>
      <pubDate>Wed, 27 Jul 2022 20:56:25 +0200</pubDate>
      <guid>http://psss.fussions.com/speakers/mateusz/</guid>
      <description>&lt;p&gt;Swoją karierę zawodową zaczynał w rodzinnej firmie budowlanej realizującej projekty w zakresie generalnego wykonawstwa dla deweloperów i prywatnych klientów. Przez 6 lat był odpowiedzialny za: - logistykę i zaopatrzenie, - rozliczanie podwykonawców i pracowników, - przygotowywanie umów z klientami i podwykonawcami, - komunikację z biurem prawnym. Kolejne 6 lat pracował w CDP Meble Sp. z o.o. - stolarni realizującej projekty na terenie całej Polski dla sieci restauracji, hoteli, korporacji i klientów prywatnych. To tutaj odkrył swoje zamiłowanie i pasję do pracy z drewnem oraz zdecydowane ukierunkowanie w stronę pracy manualnej niż biurowej. Po tym okresie spędził 2 lata w pracowni artystycznej Tomasz Krupiński Art, gdzie zdobywał doświadczenie w pracy przy bardzo nietypowych projektach mebli, dekoracji i lamp łączących w sobie wszelkie materiały dostępne na rynku. Od 2019 roku realizował projekty nietypowych mebli wolnostojących na zamówienie oraz wnętrz dla biur projektowych współtworząc markę KRAVI. Od 2023 roku prowadzi samodzielnie autorską pracownię stolarską Formate Studio, działającą w ramach Spółdzielni Świetlik. Dzięki zdobytemu wcześniej doświadczeniu i kontaktom jest w stanie realizować projekty w zakresie tapicerek, stali, szkła i drewna. Z powodzeniem łączy pracę manualną w stolarni oraz biurową przy działaniach marketingowych, doradczych i kontaktach z klientami.&lt;/p&gt;</description>
    </item>
    <item>
      <title>Piotr Grzegorz Konopka</title>
      <link>http://psss.fussions.com/speakers/konopka/</link>
      <pubDate>Wed, 27 Jul 2022 20:56:25 +0200</pubDate>
      <guid>http://psss.fussions.com/speakers/konopka/</guid>
      <description>&lt;p&gt;Wizjoner, trener pracy z podświadomością i twórca Świata Rozwoju – miejsca opartego na połączeniu dwóch światów: zewnętrznego i wewnętrznego. Jestem dwukrotnie certyfikowanym Trenerem Mentalnym, certyfikowanym Trenerem Biznesu, certyfikowanym Mediatorem Biznesowym, absolwentem Metody Silva Life System i Silva Intuition System oraz twórcą wielu autorskich narzędzi do pracy z podświadomością i energią. Wiedzę teoretyczną z zakresu treningu mentalnego zdobywałem od cenionych ekspertów oraz ze źródła. Jednak certyfikat to tylko papier, a to nie papier robi robotę. Moja pasja to budzenie w ludziach tego, co jest w nich najpiękniejsze, czyli świadomości i wewnętrzne połączenie ze stwórcą. Po ponad dwudziestoletnim pobycie w Szwecji, gdzie prowadziłem firmę budowlaną wróciłem do Gdańska, do domu, do moich korzeni. Ze Spółdzielnią Świetlik połączyła mnie nie tylko słynna ul. Doki 1, z której wywodzą się korzenie Spółdzielni i moje ale przede wszystkim wartości, którymi się kierujemy i propagujemy. Jestem założycielem Świat Rozwoju, jest to zrzeszenie kilkunastu ekspertów z różnych dziedzin, działających w duchu organizacji turkusowych w jednym celu. Propagujemy świadomy kapitalizmy, wolność, równość, otwartość, rozwój globalnej świadomości, współtworzenie i współodpowiedzialność, zrównoważony rozwój, działanie z poziomu serca, miłość i dobro dla ogółu. Jesteśmy organizatorami Festiwalu Rozwoju, ogólnopolskiej konferencji Świadomy Kapitalizm, Gali Rozwoju, Kongresu Rozwoju i wielu innych wydarzeń. Łączymy ludzi, którzy czują połączenie z całością Poznaj nasz świat &lt;a &#xA;    href=&#34;https://swiatrozwoju.pl/&#34; &#xA;        target=&#34;_blank&#34; rel=&#34;noopener&#34;&#xA;    &#xA;&gt;https://swiatrozwoju.pl/&lt;/a&gt;&lt;/p&gt;</description>
    </item>
    <item>
      <title>Senta Wojaczyk</title>
      <link>http://psss.fussions.com/speakers/senta/</link>
      <pubDate>Wed, 27 Jul 2022 20:56:25 +0200</pubDate>
      <guid>http://psss.fussions.com/speakers/senta/</guid>
      <description>&lt;p&gt;Magister z dyplomem Wydziału Ekonomicznego Uniwersytetu Gdańskiego na kierunku międzynarodowe stosunki gospodarcze i polityczne. Przez ponad 20 lat prezes własnej, ogólnopolskiej agencji reklamowej. Zdiagnozowana i zweryfikowana w przestrzeni jako koordynator i specjalista struktury, który popełnił setki eventów, każdy zakończony sukcesem. Copywriter, którego uskrzydla pisanie na tematy ważne, szczególnie związane z holistycznym podejściem do istoty ludzkiej. Pasjonatka zdrowia wspieranego przez naturoterapię i żywe pokarmy. Zwolenniczka edukacji wolnościowej. W ciągłym rozwoju duchowym, traktuje życie jak podróż po szczeblach drabiny do samego siebie. Akumulatory ładuje w kontakcie z naturą, w sobie tylko znanych miejscach mocy.&lt;/p&gt;</description>
    </item>
    <item>
      <title>Tomasz Chodnikiewicz</title>
      <link>http://psss.fussions.com/speakers/tomasz/</link>
      <pubDate>Wed, 27 Jul 2022 20:56:25 +0200</pubDate>
      <guid>http://psss.fussions.com/speakers/tomasz/</guid>
      <description>&lt;p&gt;Zarząd, spółdzielnie, projekty, współpraca. Tomasz Chodnikiewicz – Inicjator Spółdzielni, kreator rozwoju. Przedsiębiorca Mistyk. Rok urodzenia 1959. Od dzieciństwa prowadzony przez Babcię (ur. 1886 r. przeżyła 2 wojny światowe i dwie rewolucje) w kierunku mistyki miłości do Boga, do Jezusa, Maryi, do ludzi i zwierząt. Na drodze jego rozwoju znalazły się: kursy Magii Kahunów, Wiedza Tajemna Rudolfa Steinera, życiorysy mistyków, dzieła Gandhiego, Bhagavat Gita, Raga Yoga i inne. Od roku 1984 na ścieżce duchowej, nauczanej i pozostawionej ludzkości przez Jezusa z Nazaretu, a odnowionej dla współczesnych czasów przez objawienia płynące z samego Źródła wszelkich Bytów, przestrzeni Boskiej Miłości i Mądrości, przekazane Gabrieli z Wuerzburga (mistyczki żyjącej współcześnie w Bawarii), której przekazy wydawane są od połowy lat 80-tych przez : &lt;a &#xA;    href=&#34;https://gabriele-wydawnictwo.com/&#34; &#xA;        target=&#34;_blank&#34; rel=&#34;noopener&#34;&#xA;    &#xA;&gt;https://gabriele-wydawnictwo.com/&lt;/a&gt; i emitowane przez &lt;a &#xA;    href=&#34;https://gabriele.tv/de/&#34; &#xA;        target=&#34;_blank&#34; rel=&#34;noopener&#34;&#xA;    &#xA;&gt;https://gabriele.tv/de/&lt;/a&gt;  oraz &lt;a &#xA;    href=&#34;https://radio-santec.com/pl&#34; &#xA;        target=&#34;_blank&#34; rel=&#34;noopener&#34;&#xA;    &#xA;&gt;https://radio-santec.com/pl&lt;/a&gt; W stanie wojennym współzałożyciel legendarnej Spółdzielnię Świetlik, w której znalazły możliwość godnej pracy i dalszych wspólnych działań, organizacje opozycji antykomunistycznej Trójmiasta i całej Polski. Ludzie walczący z totalitarnym system opresji i niszczenia godności człowieka, wyrzuceni ze swoich macierzystych miejsc pracy z zakazem zarobkowania w jakimkolwiek innym zakładzie państwowym (wszystkie zakłady były państwowe oprócz kilku zakładów typu Spółdzielnia Świetlik. (&lt;a &#xA;    href=&#34;https://www.youtube.com/watch?v=xsfl-9CSoUk&#34; &#xA;        target=&#34;_blank&#34; rel=&#34;noopener&#34;&#xA;    &#xA;&gt;https://www.youtube.com/watch?v=xsfl-9CSoUk&lt;/a&gt; ) W latach 2000-2010 współtwórca i współorganizator autorskiego Programu Usportowienia dzieci poprzez piłkę koszykową w powiecie Gdańskim przy Klubie UKS Bryza Kolbudy. Największy projekt koszykówki dziecięcej w tym okresie w RP. Od roku 2010 (po tragedii w Smoleńsku) rozpoczął realizację projektu odbudowy spółdzielczości jako struktury i metody organizacji społeczności lokalnych, umożliwiającej stopniowe wdrażanie zasad ewangelii miłości: równości, braterstwa, solidarności, jedności, współodpowiedzialności, tolerancji i innych reguł wewnętrznego życia &amp;ldquo;doskonałego&amp;rdquo;. Projekt wdrożeniowy &lt;a &#xA;    href=&#34;https://www.swietlik.org&#34; &#xA;        target=&#34;_blank&#34; rel=&#34;noopener&#34;&#xA;    &#xA;&gt;www.swietlik.org&lt;/a&gt;, zarządzany jest na podstawie 2 przykazań miłości: do Boga we wszelkim bycie i w człowieku oraz zgodnie z regułą: czyńcie innym to, co byście chcieli aby i wam czyniono. Mąż i Ojciec trójki dorosłych i samodzielnych dzieci, mieszkających i pracujących w Polsce.&lt;/p&gt;</description>
    </item>
    <item>
      <title></title>
      <link>http://psss.fussions.com/code-of-conduct.de/</link>
      <pubDate>Mon, 01 Jan 0001 00:00:00 +0000</pubDate>
      <guid>http://psss.fussions.com/code-of-conduct.de/</guid>
      <description>&lt;h1 class=&#34;heading heading--1&#34; id=&#34;verhaltenskodex&#34;&gt;Verhaltens­kodex&lt;/h1&gt;&#xA;&lt;h2 class=&#34;heading heading--2&#34; id=&#34;zielsetzung&#34;&gt;Zielsetzung&lt;/h2&gt;&lt;p&gt;Alle Konferenzen und Gruppen, die sich auf diesen Verhaltenskodex beziehen, haben es sich als ein wichtiges Ziel gesetzt, die größtmögliche Anzahl an Beitragenden mit den vielfältigsten und unterschiedlichsten Hintergründen einzubeziehen. Wir sehen es als unsere Aufgabe, eine freundliche, sichere und einladende Umgebung zu schaffen, unabhängig von Geschlecht, sexueller Orientierung, Befähigung, Herkunft, Religion (oder deren Nichtvorhandensein) sowie gesellschaftlichem und wirtschaftlichem Status.&lt;/p&gt;&#xA;&lt;p&gt;Dieser Verhaltenskodex umreißt unsere Erwartungen an alle Beteiligten unserer Community, sowie die Konsequenzen für inakzeptables Verhalten.&lt;/p&gt;</description>
    </item>
    <item>
      <title></title>
      <link>http://psss.fussions.com/code-of-conduct.en/</link>
      <pubDate>Mon, 01 Jan 0001 00:00:00 +0000</pubDate>
      <guid>http://psss.fussions.com/code-of-conduct.en/</guid>
      <description>&lt;h1 class=&#34;heading heading--1&#34; id=&#34;code-of-conduct&#34;&gt;Code of Conduct&lt;/h1&gt;&#xA;&lt;h2 class=&#34;heading heading--2&#34; id=&#34;purpose&#34;&gt;Purpose&lt;/h2&gt;&lt;p&gt;A primary goal of all the conferences and user groups that refer to this Code of Conduct is to be inclusive to the largest number of contributors, with the most varied and diverse backgrounds possible. As such, we are committed to providing a friendly, safe and welcoming environment for all, regardless of gender, sexual orientation, ability, ethnicity, socioeconomic status and religion (or lack thereof).&lt;/p&gt;&#xA;&lt;p&gt;This Code of Conduct outlines our expectations for all those who participate in our community, as well as the consequences for unacceptable behavior.&lt;/p&gt;</description>
    </item>
    <item>
      <title></title>
      <link>http://psss.fussions.com/description/</link>
      <pubDate>Mon, 01 Jan 0001 00:00:00 +0000</pubDate>
      <guid>http://psss.fussions.com/description/</guid>
      <description>&lt;p&gt;Spółdzielnia Świetlik była azylem dla opozycjonistów, dawała nie tylko zatrudnienie i dobre zarobki ale było regułą, że część wynagrodzeń z Kontraktów pracownicy przeznaczali na  potrzeby wydawnictw opozycyjnych, rodziny uwięzionych oraz  na niezależne inicjatywy – Spółdzielnia Świetlik stała się unikalnym zjawiskiem w realiach PRL. W latach 80-tych XX wieku dawała autentyczną przestrzeń wolności i praktykowała solidarność społeczną. Jak przenieść doświadczenia z tamtych lat do dzisiejszych realiów społecznych, ekonomicznych i politycznych? – zapraszamy do rozmowy.&lt;/p&gt;</description>
    </item>
    <item>
      <title></title>
      <link>http://psss.fussions.com/swietlik/</link>
      <pubDate>Mon, 01 Jan 0001 00:00:00 +0000</pubDate>
      <guid>http://psss.fussions.com/swietlik/</guid>
      <description>&lt;p&gt;&lt;img src=&#34;http://psss.fussions.com/logos/rollup.png&#34; alt=&#34;Świetlik&#34;&gt;&lt;/p&gt;</description>
    </item>
    <item>
      <title>About Us</title>
      <link>http://psss.fussions.com/about/</link>
      <pubDate>Mon, 01 Jan 0001 00:00:00 +0000</pubDate>
      <guid>http://psss.fussions.com/about/</guid>
      <description></description>
    </item>
    <item>
      <title>Location</title>
      <link>http://psss.fussions.com/location/</link>
      <pubDate>Mon, 01 Jan 0001 00:00:00 +0000</pubDate>
      <guid>http://psss.fussions.com/location/</guid>
      <description></description>
    </item>
    <item>
      <title>Sponsors &amp; Partners</title>
      <link>http://psss.fussions.com/sponsors/</link>
      <pubDate>Mon, 01 Jan 0001 00:00:00 +0000</pubDate>
      <guid>http://psss.fussions.com/sponsors/</guid>
      <description></description>
    </item>
    <item>
      <title>Świetlik - Gdańsk 1983 - 1994</title>
      <link>http://psss.fussions.com/swietlik-1983/</link>
      <pubDate>Mon, 01 Jan 0001 00:00:00 +0000</pubDate>
      <guid>http://psss.fussions.com/swietlik-1983/</guid>
      <description>&lt;h1 class=&#34;heading heading--1&#34; id=&#34;świetlik---gdańsk-1983---1994&#34;&gt;Świetlik - Gdańsk 1983 - 1994&lt;/h1&gt;&lt;div style=&#34;position: relative; padding-bottom: 56.25%; height: 0; overflow: hidden;&#34;&gt;&#xA;      &lt;iframe allow=&#34;accelerometer; autoplay; clipboard-write; encrypted-media; gyroscope; picture-in-picture; web-share; fullscreen&#34; loading=&#34;eager&#34; referrerpolicy=&#34;strict-origin-when-cross-origin&#34; src=&#34;https://www.youtube.com/embed/CDP3gpTIuXo?autoplay=0&amp;amp;controls=1&amp;amp;end=0&amp;amp;loop=0&amp;amp;mute=0&amp;amp;start=0&#34; style=&#34;position: absolute; top: 0; left: 0; width: 100%; height: 100%; border:0;&#34; title=&#34;YouTube video&#34;&gt;&lt;/iframe&gt;&#xA;    &lt;/div&gt;&#xA;&#xA;&lt;blockquote&gt;&#xA;&lt;p&gt;&amp;hellip;o tym jaką siłą może być wspólnota ludzi wolnych &amp;hellip;..  Spółdzielnia Pracy Świetlik, podobnie jak uniwersytet Harvarda, kształcił przyszłe elity kraju. Z tą różnicą, że w Ameryce odbywało sie to na aulach uniwersyteckich, a w polsce na kominach.&#xA;Tygodnik Polityka &amp;ndash; Cezary Łazarkiewicz&lt;/p&gt;</description>
    </item>
    <item>
      <title>Świetlik Reaktywacja - 2013 - 2025</title>
      <link>http://psss.fussions.com/swietlik-reaktywacja/</link>
      <pubDate>Mon, 01 Jan 0001 00:00:00 +0000</pubDate>
      <guid>http://psss.fussions.com/swietlik-reaktywacja/</guid>
      <description>&lt;h1 class=&#34;heading heading--1&#34; id=&#34;świetlikreaktywacja-2013x20112025&#34;&gt;Świetlik Reaktywacja 2013‑2025&lt;/h1&gt;&lt;p&gt;Odwiedź naszą stronę: &lt;a &#xA;    href=&#34;https://swietlik.org&#34; title=&#34;Świetlik&#34; &#xA;        target=&#34;_blank&#34; rel=&#34;noopener&#34;&#xA;    &#xA;&gt;swietlik.org&lt;/a&gt;&lt;/p&gt;&#xA;&lt;p&gt;Zasubskrybuj nasz kanał na YT: &lt;a &#xA;    href=&#34;https://www.youtube.com/@spodzielniaswietlik&#34; title=&#34;Świetlik YT&#34; &#xA;        target=&#34;_blank&#34; rel=&#34;noopener&#34;&#xA;    &#xA;&gt;Spółdzielnia Świetlik&lt;/a&gt;&lt;/p&gt;&#xA;&lt;div style=&#34;position: relative; padding-bottom: 56.25%; height: 0; overflow: hidden;&#34;&gt;&#xA;      &lt;iframe allow=&#34;accelerometer; autoplay; clipboard-write; encrypted-media; gyroscope; picture-in-picture; web-share; fullscreen&#34; loading=&#34;eager&#34; referrerpolicy=&#34;strict-origin-when-cross-origin&#34; src=&#34;https://www.youtube.com/embed/o3KvE3ZVAPw?autoplay=0&amp;amp;controls=1&amp;amp;end=0&amp;amp;loop=0&amp;amp;mute=0&amp;amp;start=0&#34; style=&#34;position: absolute; top: 0; left: 0; width: 100%; height: 100%; border:0;&#34; title=&#34;YouTube video&#34;&gt;&lt;/iframe&gt;&#xA;    &lt;/div&gt;</description>
    </item>
  </channel>
</rss>
