<?xml version="1.0" encoding="utf-8" standalone="yes"?>
<rss version="2.0" xmlns:atom="http://www.w3.org/2005/Atom">
  <channel>
    <title>Speakers on Pokolenia Solidarności, a Spółdzielnia Świetlik</title>
    <link>http://psss.fussions.com/speakers/</link>
    <description>Recent content in Speakers on Pokolenia Solidarności, a Spółdzielnia Świetlik</description>
    <generator>Hugo</generator>
    <language>pl</language>
    <lastBuildDate>Sun, 27 Jul 2025 20:56:25 +0200</lastBuildDate>
    <atom:link href="http://psss.fussions.com/speakers/index.xml" rel="self" type="application/rss+xml" />
    <item>
      <title>Andrzej Voight</title>
      <link>http://psss.fussions.com/speakers/andrzej/</link>
      <pubDate>Sun, 27 Jul 2025 20:56:25 +0200</pubDate>
      <guid>http://psss.fussions.com/speakers/andrzej/</guid>
      <description>&lt;p&gt;Urodzony 01/10/1966 w Kartuzach. WYKSZTAŁCENIE: - mgr ekonomii, Wydział Handlu Zagranicznego, Uniwersytet Gdański. - Absolwent Studiów Executive Master of Business Central Europe Administration Uniwersytetu Dunajskiego, Krems Business School oraz UCLA ( Field Study EMBA) w Los Angeles, USA (1994-97). KARIERA ZAWODOWA: - 1990-95 Urzędnik wyższego szczebla w 7 rządach RP w Ministerstwie Przemysłu, w Ministerstwie Przekształceń Własnościowych, Państwowej Agencji ds. Inwestycji Zagranicznych. - 1996-2001 Koordynator ds. Gospodarki, Instytut Lecha Wałęsy. - Dyrektor w Bank Austria Creditanstalt Polska SA - członek kierownictw ponad 30 różnych firm i instytucji publicznych. - ⁠Kandydat niezależny na Prezydenta RP w 2020 roku. - ⁠odznaczony Krzyżem Wolności i Solidarności w 2015 roku. AUTOR KSIĄŻEK: - Abecadło wg Andrzeja Voigta. Co Nas nie zabije to Nas wzmocni. 2010 (274 stron). - ⁠Współzałożyciel Kongresu Liberałów w 1988 r. - ⁠Związany ze Spółdzielnią Świetlik od 1987 roku.&lt;/p&gt;</description>
    </item>
    <item>
      <title>Izabela Falzmann</title>
      <link>http://psss.fussions.com/speakers/iza/</link>
      <pubDate>Sun, 27 Jul 2025 20:56:25 +0200</pubDate>
      <guid>http://psss.fussions.com/speakers/iza/</guid>
      <description></description>
    </item>
    <item>
      <title>Kamil Nowak</title>
      <link>http://psss.fussions.com/speakers/kamil/</link>
      <pubDate>Wed, 27 Jul 2022 20:56:25 +0200</pubDate>
      <guid>http://psss.fussions.com/speakers/kamil/</guid>
      <description>&lt;p&gt;Tłumacz języka chińskiego, członek Spółdzielni Świetlik&lt;/p&gt;&#xA;&lt;p&gt;Języki, kultura, mosty między światami. Kamil Nowak – tłumacz języka chińskiego działający w ramach Spółdzielni Świetlik, człowiek Drogi, łączący w pracy zawodowej precyzję słowa z głębią rozumienia kultur. Rocznik 1986, rok Tygrysa. Od młodości zafascynowany różnorodnością duchowych i kulturowych tradycji, podążający ścieżką łączenia Wschodu i Zachodu – zarówno w języku, jak i w ideach. Na jego drodze znalazły się: klasyczna i współczesna kultura chińska, języki Bliskiego Wschodu, Biblia i teksty w jej oryginalnych kontekstach, kabała luriańska, siedem zasad Huny, mądrości Rumi’ego, taoizm m, a także praktyczne wprowadzanie zasad komunikacji bez przemocy w codziennych relacjach.&lt;/p&gt;</description>
    </item>
    <item>
      <title>Mateusz Chodnikiewicz</title>
      <link>http://psss.fussions.com/speakers/mateusz/</link>
      <pubDate>Wed, 27 Jul 2022 20:56:25 +0200</pubDate>
      <guid>http://psss.fussions.com/speakers/mateusz/</guid>
      <description>&lt;p&gt;Swoją karierę zawodową zaczynał w rodzinnej firmie budowlanej realizującej projekty w zakresie generalnego wykonawstwa dla deweloperów i prywatnych klientów. Przez 6 lat był odpowiedzialny za: - logistykę i zaopatrzenie, - rozliczanie podwykonawców i pracowników, - przygotowywanie umów z klientami i podwykonawcami, - komunikację z biurem prawnym. Kolejne 6 lat pracował w CDP Meble Sp. z o.o. - stolarni realizującej projekty na terenie całej Polski dla sieci restauracji, hoteli, korporacji i klientów prywatnych. To tutaj odkrył swoje zamiłowanie i pasję do pracy z drewnem oraz zdecydowane ukierunkowanie w stronę pracy manualnej niż biurowej. Po tym okresie spędził 2 lata w pracowni artystycznej Tomasz Krupiński Art, gdzie zdobywał doświadczenie w pracy przy bardzo nietypowych projektach mebli, dekoracji i lamp łączących w sobie wszelkie materiały dostępne na rynku. Od 2019 roku realizował projekty nietypowych mebli wolnostojących na zamówienie oraz wnętrz dla biur projektowych współtworząc markę KRAVI. Od 2023 roku prowadzi samodzielnie autorską pracownię stolarską Formate Studio, działającą w ramach Spółdzielni Świetlik. Dzięki zdobytemu wcześniej doświadczeniu i kontaktom jest w stanie realizować projekty w zakresie tapicerek, stali, szkła i drewna. Z powodzeniem łączy pracę manualną w stolarni oraz biurową przy działaniach marketingowych, doradczych i kontaktach z klientami.&lt;/p&gt;</description>
    </item>
    <item>
      <title>Piotr Grzegorz Konopka</title>
      <link>http://psss.fussions.com/speakers/konopka/</link>
      <pubDate>Wed, 27 Jul 2022 20:56:25 +0200</pubDate>
      <guid>http://psss.fussions.com/speakers/konopka/</guid>
      <description>&lt;p&gt;Wizjoner, trener pracy z podświadomością i twórca Świata Rozwoju – miejsca opartego na połączeniu dwóch światów: zewnętrznego i wewnętrznego. Jestem dwukrotnie certyfikowanym Trenerem Mentalnym, certyfikowanym Trenerem Biznesu, certyfikowanym Mediatorem Biznesowym, absolwentem Metody Silva Life System i Silva Intuition System oraz twórcą wielu autorskich narzędzi do pracy z podświadomością i energią. Wiedzę teoretyczną z zakresu treningu mentalnego zdobywałem od cenionych ekspertów oraz ze źródła. Jednak certyfikat to tylko papier, a to nie papier robi robotę. Moja pasja to budzenie w ludziach tego, co jest w nich najpiękniejsze, czyli świadomości i wewnętrzne połączenie ze stwórcą. Po ponad dwudziestoletnim pobycie w Szwecji, gdzie prowadziłem firmę budowlaną wróciłem do Gdańska, do domu, do moich korzeni. Ze Spółdzielnią Świetlik połączyła mnie nie tylko słynna ul. Doki 1, z której wywodzą się korzenie Spółdzielni i moje ale przede wszystkim wartości, którymi się kierujemy i propagujemy. Jestem założycielem Świat Rozwoju, jest to zrzeszenie kilkunastu ekspertów z różnych dziedzin, działających w duchu organizacji turkusowych w jednym celu. Propagujemy świadomy kapitalizmy, wolność, równość, otwartość, rozwój globalnej świadomości, współtworzenie i współodpowiedzialność, zrównoważony rozwój, działanie z poziomu serca, miłość i dobro dla ogółu. Jesteśmy organizatorami Festiwalu Rozwoju, ogólnopolskiej konferencji Świadomy Kapitalizm, Gali Rozwoju, Kongresu Rozwoju i wielu innych wydarzeń. Łączymy ludzi, którzy czują połączenie z całością Poznaj nasz świat &lt;a &#xA;    href=&#34;https://swiatrozwoju.pl/&#34; &#xA;        target=&#34;_blank&#34; rel=&#34;noopener&#34;&#xA;    &#xA;&gt;https://swiatrozwoju.pl/&lt;/a&gt;&lt;/p&gt;</description>
    </item>
    <item>
      <title>Senta Wojaczyk</title>
      <link>http://psss.fussions.com/speakers/senta/</link>
      <pubDate>Wed, 27 Jul 2022 20:56:25 +0200</pubDate>
      <guid>http://psss.fussions.com/speakers/senta/</guid>
      <description>&lt;p&gt;Magister z dyplomem Wydziału Ekonomicznego Uniwersytetu Gdańskiego na kierunku międzynarodowe stosunki gospodarcze i polityczne. Przez ponad 20 lat prezes własnej, ogólnopolskiej agencji reklamowej. Zdiagnozowana i zweryfikowana w przestrzeni jako koordynator i specjalista struktury, który popełnił setki eventów, każdy zakończony sukcesem. Copywriter, którego uskrzydla pisanie na tematy ważne, szczególnie związane z holistycznym podejściem do istoty ludzkiej. Pasjonatka zdrowia wspieranego przez naturoterapię i żywe pokarmy. Zwolenniczka edukacji wolnościowej. W ciągłym rozwoju duchowym, traktuje życie jak podróż po szczeblach drabiny do samego siebie. Akumulatory ładuje w kontakcie z naturą, w sobie tylko znanych miejscach mocy.&lt;/p&gt;</description>
    </item>
    <item>
      <title>Tomasz Chodnikiewicz</title>
      <link>http://psss.fussions.com/speakers/tomasz/</link>
      <pubDate>Wed, 27 Jul 2022 20:56:25 +0200</pubDate>
      <guid>http://psss.fussions.com/speakers/tomasz/</guid>
      <description>&lt;p&gt;Zarząd, spółdzielnie, projekty, współpraca. Tomasz Chodnikiewicz – Inicjator Spółdzielni, kreator rozwoju. Przedsiębiorca Mistyk. Rok urodzenia 1959. Od dzieciństwa prowadzony przez Babcię (ur. 1886 r. przeżyła 2 wojny światowe i dwie rewolucje) w kierunku mistyki miłości do Boga, do Jezusa, Maryi, do ludzi i zwierząt. Na drodze jego rozwoju znalazły się: kursy Magii Kahunów, Wiedza Tajemna Rudolfa Steinera, życiorysy mistyków, dzieła Gandhiego, Bhagavat Gita, Raga Yoga i inne. Od roku 1984 na ścieżce duchowej, nauczanej i pozostawionej ludzkości przez Jezusa z Nazaretu, a odnowionej dla współczesnych czasów przez objawienia płynące z samego Źródła wszelkich Bytów, przestrzeni Boskiej Miłości i Mądrości, przekazane Gabrieli z Wuerzburga (mistyczki żyjącej współcześnie w Bawarii), której przekazy wydawane są od połowy lat 80-tych przez : &lt;a &#xA;    href=&#34;https://gabriele-wydawnictwo.com/&#34; &#xA;        target=&#34;_blank&#34; rel=&#34;noopener&#34;&#xA;    &#xA;&gt;https://gabriele-wydawnictwo.com/&lt;/a&gt; i emitowane przez &lt;a &#xA;    href=&#34;https://gabriele.tv/de/&#34; &#xA;        target=&#34;_blank&#34; rel=&#34;noopener&#34;&#xA;    &#xA;&gt;https://gabriele.tv/de/&lt;/a&gt;  oraz &lt;a &#xA;    href=&#34;https://radio-santec.com/pl&#34; &#xA;        target=&#34;_blank&#34; rel=&#34;noopener&#34;&#xA;    &#xA;&gt;https://radio-santec.com/pl&lt;/a&gt; W stanie wojennym współzałożyciel legendarnej Spółdzielnię Świetlik, w której znalazły możliwość godnej pracy i dalszych wspólnych działań, organizacje opozycji antykomunistycznej Trójmiasta i całej Polski. Ludzie walczący z totalitarnym system opresji i niszczenia godności człowieka, wyrzuceni ze swoich macierzystych miejsc pracy z zakazem zarobkowania w jakimkolwiek innym zakładzie państwowym (wszystkie zakłady były państwowe oprócz kilku zakładów typu Spółdzielnia Świetlik. (&lt;a &#xA;    href=&#34;https://www.youtube.com/watch?v=xsfl-9CSoUk&#34; &#xA;        target=&#34;_blank&#34; rel=&#34;noopener&#34;&#xA;    &#xA;&gt;https://www.youtube.com/watch?v=xsfl-9CSoUk&lt;/a&gt; ) W latach 2000-2010 współtwórca i współorganizator autorskiego Programu Usportowienia dzieci poprzez piłkę koszykową w powiecie Gdańskim przy Klubie UKS Bryza Kolbudy. Największy projekt koszykówki dziecięcej w tym okresie w RP. Od roku 2010 (po tragedii w Smoleńsku) rozpoczął realizację projektu odbudowy spółdzielczości jako struktury i metody organizacji społeczności lokalnych, umożliwiającej stopniowe wdrażanie zasad ewangelii miłości: równości, braterstwa, solidarności, jedności, współodpowiedzialności, tolerancji i innych reguł wewnętrznego życia &amp;ldquo;doskonałego&amp;rdquo;. Projekt wdrożeniowy &lt;a &#xA;    href=&#34;https://www.swietlik.org&#34; &#xA;        target=&#34;_blank&#34; rel=&#34;noopener&#34;&#xA;    &#xA;&gt;www.swietlik.org&lt;/a&gt;, zarządzany jest na podstawie 2 przykazań miłości: do Boga we wszelkim bycie i w człowieku oraz zgodnie z regułą: czyńcie innym to, co byście chcieli aby i wam czyniono. Mąż i Ojciec trójki dorosłych i samodzielnych dzieci, mieszkających i pracujących w Polsce.&lt;/p&gt;</description>
    </item>
  </channel>
</rss>
