<?xml version="1.0" encoding="utf-8" standalone="yes"?>
<rss version="2.0" xmlns:atom="http://www.w3.org/2005/Atom">
  <channel>
    <title>Categories on Pokolenia Solidarności, a Spółdzielnia Świetlik</title>
    <link>http://psss.fussions.com/categories/</link>
    <description>Recent content in Categories on Pokolenia Solidarności, a Spółdzielnia Świetlik</description>
    <generator>Hugo</generator>
    <language>pl</language>
    <atom:link href="http://psss.fussions.com/categories/index.xml" rel="self" type="application/rss+xml" />
  </channel>
</rss>
